{
  "piece_value_eval": {
    "with_mates": {
      "mae": 2040.9015641293013,
      "mse": 33954057.030239835,
      "rmse": 5827.010985937802,
      "correlation": 0.38664414727221363,
      "correct_sign_percentage": 47.35140771637122,
      "num_evaluated": 9590,
      "mate_positions": 